Name;Score
r00tifant;691
harasz;610
format_c;495
cuexxiii;252
troiikirsche;241
mkbvb;180
reaim__;140
shokuninumami;128
the_think3r;124
x_abracadabra_x;107
lotterbude;104
locopadre;98
heavenpixel;90
wer_und_er;60
waschbenzin;57
nea1974;55
hallo welt;38
zyxlon;11
wyllywyllkyr;0
wookiegaming;0
wazerman;0
warfabrik;0
walterwotan;0
veraatversus;0
uvuvuevuevueenetyevuevue;0
untgrat;0
tptagz;0
tobibaa;0
thepatsch78;0
test
;0
tessilrx;0
tagorsim;0
szkadi;0
spawn83951;0
smashktwitch;0
sgpeli;0
sfprofit;0
ritaschults;0
ridicolos;0
rheno13;0
realkingphilippe;0
real_pleb;0
ratok;0
raejiisa_;0
psyco2014;0
promises1;0
pommesschranke24;0
plag0n;0
papichuloorgraizer;0
overburned;0
oska2020;0
oebreme;0
null_pointer_;0
namor90;0
nakelto;0
nadflenders;0
n3sz;0
msenger1985;0
mostwanted38;0
moppeldoral69;0
mathias2345678;0
maikelmeiers;0
l522l;0
kimjongkappadong;0
jhkrueger;0
jan_jakob;0
jackcimberly;0
itzluku;0
itsn3ptun;0
inf0_h3ld;0
herbo324;0
h3ijck;0
greysquirrel_de;0
great_zaku;0
gnarrrr;0
g33katwork;0
fumano26;0
fnernst;0
flightsimfan_ger;0
flaraxcs;0
filaen_;0
evilnoone;0
erichell;0
elmar_groll;0
eb_rf23;0
eb_mare;0
dunnowhatgoeshere;0
dsndotsys;0
drukennerd;0
drschlurf;0
docmchammergeil;0
diablomb;0
deeptechgames;0
daveemu;0
daniel42__;0
dabbelju85;0
d7gr;0
d3vil1ns1de;0
coder2k;0
chillichlp;0
bytekay;0
br4him5;0
blubber____;0
blaubeerchen6;0
bitmatcher;0
bekermit;0
bash230;0
baqqlay;0
annoannoanno;0
alex_gentlexd;0
ABCQ;0
ABC;0
AB;0
1u¿;0
1p;0
0ı;0
0¿;0
0µ;0
0xbittwister;0
0;0
∆∆ÚvV«@;0
auskennfuchs;0
